Date,,Start Time,End Time,Duration,"(C)lass or (P)articipate 
(SG) Study Group","(GP) Group Project 
(SG) Study Group 
(W) webinar 
(FS) Forum/slack","Spreadsheet Hints: 
- Enter a row for each block of time you spend. Each day may have multiple rows.
- Date defaults to previous row's Date if Start Time is not blank.
- Duration defaults to (End Time - Start Time) if End Time is not blank.
- (C)lass or (P)articipate can be expanded to include other activity type designation. For example, add (G)roup project. For group analysis, we will compare (C)lass time versus everything else.
- Feel free to add more columns of information for your own self-analysis! All data is anonymous."
,,,,,,,
5/15/2018,Tuesday,20:10,20:35,0:25,P,forum,
5/16/2018,Wednesday,19:10,19:15,0:05,P,forum,
5/17/2018,Thursday,,,,,,
5/18/2018,Friday,,,,,,
5/19/2018,Saturday,10:00,12:00,2:00,P,SG,
5/19/2018,Saturday,14:10,14:20,0:10,P,forum,
5/19/2018,Saturday,14:20,16:00,1:40,C,,
5/20/2018,Sunday,11:05,11:15,0:10,P,forum,
5/21/2018,Monday,,,,,,
5/22/2018,Tuesday,18:55,19:10,0:15,P,forum,
5/23/2018,Wednesday,18:15,18:20,0:05,P,forum,
5/24/2018,Thursday,,,,,,
5/25/2018,Friday,11:00,11:40,0:40,P,forum,
5/26/2018,Saturday,10:10,10:45,0:35,,,
5/27/2018,Sunday,13:20,13:40,0:20,P,forum,
5/28/2018,Monday,12:30,12:55,0:25,P,forum,
5/29/2018,Tuesday,18:45,19:00,0:15,P,forum,
5/30/2018,Wednesday,,,,,,
5/31/2018,Thursday,19:05,19:25,0:20,P,forum,
6/1/2018,Friday,,,,,,
6/2/2018,Saturday,15:20,15:30,0:10,P,forum,
6/3/2018,Sunday,10:10,10:40,0:30,P,forum,
6/4/2018,Monday,,,,,,
6/5/2018,Tuesday,18:45,20:00,1:15,C,,
6/5/2018,Tuesday,20:00,20:10,0:10,P,forum,
6/6/2018,Wednesday,,,,,,
6/7/2018,Thursday,,,,,,
6/8/2018,Friday,16:30,18:15,1:45,C,,
6/8/2018,Friday,18:15,18:30,0:15,P,forum,
6/9/2018,Saturday,10:30,14:30,4:00,C,,
6/9/2018,Saturday,10:20,10:30,0:10,P,forum,
6/10/2018,Sunday,10:00,14:30,4:30,C,,
6/10/2018,Sunday,14:30,14:35,0:05,P,forum,
6/11/2018,Monday,18:45,19:45,1:00,C,,
6/11/2018,Monday,19:45,19:55,0:10,P,forum,
6/12/2018,Tuesday,,,,,,
6/13/2018,Wednesday,18:45,19:10,0:25,P,forum,
6/14/2018,Thursday,,,,,,
6/15/2018,Friday,17:05,17:15,0:10,P,forum,
6/16/2018,Saturday,11:30,15:45,4:15,C,,
6/16/2018,Saturday,15:45,15:55,0:10,P,forum,
6/17/2018,Sunday,13:30,16:45,3:15,C,,
6/17/2018,Sunday,16:45,16:50,0:05,P,forum,
6/18/2018,Monday,19:45,21:00,1:15,C,,
6/18/2018,Monday,21:00,21:10,0:10,P,forum,
6/19/2018,Tuesday,,,,,,
6/20/2018,Wednesday,18:15,19:45,1:30,C,,
6/20/2018,Wednesday,19:45,19:50,0:05,P,forum,
6/21/2018,Thursday,,,,,,
6/22/2018,Friday,15:00,17:00,2:00,P,SG,
6/22/2018,Friday,17:30,19:15,1:45,C,,
6/22/2018,Friday,19:15,19:30,0:15,P,forum,
6/23/2018,Saturday,11:15,14:45,3:30,C,,
6/23/2018,Saturday,14:45,14:55,0:10,P,forum,
6/24/2018,Sunday,9:30,13:45,4:15,C,,
6/24/2018,Sunday,13:45,13:55,0:10,P,forum,
6/25/2018,Monday,,,,,,
6/26/2018,Tuesday,,,,,,
6/27/2018,Wednesday,12:00,13:00,1:00,P,Webcast,
6/27/2018,Wednesday,18:15,18:45,0:30,C,,
6/27/2018,Wednesday,18:45,19:00,0:15,P,forum,
6/28/2018,Thursday,18:30,19:30,1:00,C,,
6/28/2018,Thursday,19:30,19:40,0:10,P,forum,
6/29/2018,Friday,18:00,18:45,0:45,C,,
6/29/2018,Friday,18:45,18:50,0:05,P,forum,
6/30/2018,Saturday,10:00,12:15,2:15,C,,
6/30/2018,Saturday,12:15,12:25,0:10,P,forum,
7/1/2018,Sunday,13:00,16:00,3:00,C,,
7/1/2018,Sunday,16:00,16:10,0:10,P,forum,
7/2/2018,Monday,18:45,19:00,0:15,P,forum,
7/3/2018,Tuesday,,,,,,
7/4/2018,Wednesday,9:00,12:15,3:15,C,,
7/4/2018,Wednesday,12:15,12:30,0:15,P,forum,
7/5/2018,Thursday,11:30,15:00,3:30,C,,
7/5/2018,Thursday,15:00,15:10,0:10,P,forum,
7/6/2018,Friday,10:15,12:15,2:00,P,SG,
7/6/2018,Friday,18:00,20:00,2:00,C,,
7/6/2018,Friday,20:00,20:45,0:45,P,forum,
7/7/2018,Saturday,11:30,14:30,3:00,C,,
7/7/2018,Saturday,14:30,14:35,0:05,P,forum,
7/8/2018,Sunday,10:00,14:00,4:00,C,,
7/8/2018,Sunday,14:00,14:10,0:10,P,forum,
7/9/2018,Monday,,,,,,
7/10/2018,Tuesday,18:15,18:25,0:10,P,forum,
7/11/2018,Wednesday,19:05,19:10,0:05,P,forum,
7/12/2018,Thursday,,,,,,
7/13/2018,Friday,17:45,17:55,0:10,P,forum,
7/14/2018,Saturday,8:15,13:30,5:15,C,,
7/14/2015,Saturday,13:30,13:40,0:10,P,forum,
7/15/2018,Sunday,16:00,16:45,0:45,P,forum,
7/15/2018,Sunday,12:00,16:00,4:00,C,,
7/15/2018,Sunday,18:30,20:30,2:00,P,GP,
7/16/2018,Monday,,,,,,
7/17/2018,Tuesday,,,,,,
7/18/2018,Wednesday,20:00,21:00,1:00,P,webcast,
7/19/2018,Thursday,,,,,,
7/20/2018,Friday,11:00,13:30,2:30,P,GP,
7/21/2018,Saturday,,,,,,
7/22/2018,Sunday,,,,,,
7/23/2018,Monday,,,,,,
7/24/2018,Tuesday,,,,,,
7/25/2018,Wednesday,,,,,,
7/26/2018,Thursday,,,,,,
7/27/2018,Friday,,,,,,
7/28/2018,Saturday,,,,,,
7/29/2018,Sunday,,,,,,
7/30/2018,Monday,,,,,,
7/31/2018,Tuesday,,,,,,
8/1/2018,Wednesday,,,,,,
8/2/2018,Thursday,,,,,,
8/3/2018,Friday,,,,,,
8/4/2018,Saturday,,,,,,
8/5/2018,Sunday,,,,,,
8/6/2018,Monday,,,,,,
8/7/2018,Tuesday,,,,,,
8/8/2018,Wednesday,,,,,,
