"Date,Start Time,End Time,Duration,(C)lass or (P)articipate,,""Spreadsheet Hints: "
#NAME?
- Date defaults to previous row's Date if Start Time is not blank.
- Duration defaults to (End Time - Start Time) if End Time is not blank.
- (C)lass or (P)articipate can be expanded to include other activity type designation. For example, add (G)roup project. For group analysis, we will compare (C)lass time versus everything else.
"- Feel free to add more columns of information for your own self-analysis! All data is anonymous."""
2/7/18,10,11,1,c,,
3/7/18,12:30,13:30,1:00,c,,
5/7/18,11,12,1,c,,
7/7/18,20:30,21:00,0:30,p,,
8/7/2018,9:00,10:00,1:00,c,,
9/7/18,10:30,11:00,0:30,p,,
